PO Number,PO Date,Buyer Name,Buyer Email,Purchasing Manager Name,Purchasing Manager Email,Vendor,Item Description,Quantity,Unit Price,Total Amount
PO89895,2025-07-14,Andre Warren,andre.warren@alphatech.com,Elizabeth Moyer,elizabeth.moyer@gammaind.com,EpsilonGoods,Direction Vote,49,388.44,19033.56
PO06398,2025-02-06,Chloe Anderson,chloe.anderson@epsilongoods.com,Elizabeth Moyer,elizabeth.moyer@gammaind.com,AlphaTech,Property Million,96,87.32,8382.72
PO78262,2025-07-05,Shannon Smith,shannon.smith@alphatech.com,Leslie James,leslie.james@gammaind.com,EpsilonGoods,Four Throw,76,110.35,8386.6
PO32672,2025-05-09,Shannon Smith,shannon.smith@alphatech.com,Katherine Lee,katherine.lee@alphatech.com,DeltaSupplies,Fire Tax,23,495.9,11405.7
PO25571,2025-05-11,Vicki Moon,vicki.moon@betacorp.com,Terry Peterson,terry.peterson@epsilongoods.com,AlphaTech,Power Party,67,464.7,31134.9
PO10026,2025-07-17,Pamela Salazar,pamela.salazar@betacorp.com,Katherine Lee,katherine.lee@alphatech.com,EpsilonGoods,Crime Suggest,29,418.6,12139.4
PO55995,2025-01-06,Andre Warren,andre.warren@alphatech.com,Leslie James,leslie.james@gammaind.com,GammaIndustries,By Arrive,4,450.99,1803.96
PO58540,2024-08-03,Pamela Salazar,pamela.salazar@betacorp.com,Terry Peterson,terry.peterson@epsilongoods.com,AlphaTech,Company Very,49,376.39,18443.11
PO19415,2025-03-16,Pamela Salazar,pamela.salazar@betacorp.com,Nicholas Cannon,nicholas.cannon@deltasup.com,EpsilonGoods,Politics Seven,77,101.12,7786.24
PO99589,2024-12-04,Laura Tanner,laura.tanner@betacorp.com,Charles Palmer,charles.palmer@deltasup.com,BetaCorp,Office Might,59,257.17,15173.03
PO15165,2025-03-24,Brandon Smith,brandon.smith@alphatech.com,Terry Peterson,terry.peterson@epsilongoods.com,AlphaTech,Response Across,88,337.14,29668.32
PO37115,2025-05-04,Matthew Cunningham,matthew.cunningham@alphatech.com,Elizabeth Moyer,elizabeth.moyer@gammaind.com,BetaCorp,Could Sing,97,229.08,22220.76
PO02787,2024-10-12,Kayla Sharp,kayla.sharp@gammaind.com,Katherine Lee,katherine.lee@alphatech.com,DeltaSupplies,Six Edge,77,27.33,2104.41
PO08733,2024-09-20,Andre Warren,andre.warren@alphatech.com,Elizabeth Moyer,elizabeth.moyer@gammaind.com,EpsilonGoods,Activity News,12,130.47,1565.64
PO78755,2025-05-07,Shannon Smith,shannon.smith@alphatech.com,Charles Palmer,charles.palmer@deltasup.com,EpsilonGoods,How May,99,244.86,24241.14
PO94281,2024-08-21,Brian Edwards,brian.edwards@alphatech.com,Terry Peterson,terry.peterson@epsilongoods.com,EpsilonGoods,Wait Detail,96,423.92,40696.32
PO46989,2025-02-10,Kenneth Atkins,kenneth.atkins@betacorp.com,Katherine Lee,katherine.lee@alphatech.com,AlphaTech,Place Region,16,122.08,1953.28
PO42099,2025-06-28,Vicki Moon,vicki.moon@betacorp.com,Nicholas Cannon,nicholas.cannon@deltasup.com,AlphaTech,Car Improve,80,380.48,30438.4
PO85483,2025-05-14,Shannon Smith,shannon.smith@alphatech.com,Terry Peterson,terry.peterson@epsilongoods.com,BetaCorp,Life Mouth,76,464.03,35266.28
PO27196,2025-02-22,Vicki Moon,vicki.moon@betacorp.com,Katherine Lee,katherine.lee@alphatech.com,EpsilonGoods,Design Example,74,330.37,24447.38
PO17830,2024-08-20,Renee Nichols,renee.nichols@alphatech.com,Nicholas Cannon,nicholas.cannon@deltasup.com,EpsilonGoods,Heavy Building,70,246.11,17227.7
PO21900,2024-10-02,Brian Edwards,brian.edwards@alphatech.com,Nicholas Cannon,nicholas.cannon@deltasup.com,GammaIndustries,Pretty Guess,83,350.38,29081.54
PO42683,2024-09-17,Brandon Smith,brandon.smith@alphatech.com,Charles Palmer,charles.palmer@deltasup.com,AlphaTech,Usually Term,84,344.71,28955.64
PO41827,2024-12-26,Andre Warren,andre.warren@alphatech.com,Nicholas Cannon,nicholas.cannon@deltasup.com,DeltaSupplies,Party Find,67,162.52,10888.84
PO65161,2024-10-16,Kenneth Atkins,kenneth.atkins@betacorp.com,Katherine Lee,katherine.lee@alphatech.com,AlphaTech,Human Seat,7,188.98,1322.86
PO83655,2024-11-28,Pamela Salazar,pamela.salazar@betacorp.com,Terry Peterson,terry.peterson@epsilongoods.com,GammaIndustries,Grow To,59,483.03,28498.77
PO37260,2024-12-25,Helen Perez,helen.perez@deltasup.com,Elizabeth Moyer,elizabeth.moyer@gammaind.com,AlphaTech,Scientist Onto,75,452.16,33912.0
PO69131,2025-07-05,Laura Tanner,laura.tanner@betacorp.com,Terry Peterson,terry.peterson@epsilongoods.com,GammaIndustries,Whether Wrong,79,339.56,26825.24
PO89265,2025-04-17,Shannon Smith,shannon.smith@alphatech.com,Leslie James,leslie.james@gammaind.com,GammaIndustries,Doctor Election,94,184.28,17322.32
PO92155,2025-05-04,Vicki Moon,vicki.moon@betacorp.com,Leslie James,leslie.james@gammaind.com,AlphaTech,Recently Road,92,75.89,6981.88
PO51635,2025-06-30,Helen Perez,helen.perez@deltasup.com,Katherine Lee,katherine.lee@alphatech.com,DeltaSupplies,Protect Human,99,335.9,33254.1
PO32280,2024-09-01,Shannon Smith,shannon.smith@alphatech.com,Charles Palmer,charles.palmer@deltasup.com,GammaIndustries,Forget Him,93,307.89,28633.77
PO94196,2025-03-19,Andre Warren,andre.warren@alphatech.com,Elizabeth Moyer,elizabeth.moyer@gammaind.com,EpsilonGoods,Free Impact,17,437.78,7442.26
PO24938,2024-07-31,Helen Perez,helen.perez@deltasup.com,Leslie James,leslie.james@gammaind.com,EpsilonGoods,Itself Become,92,348.7,32080.4
PO03306,2025-06-30,Kayla Sharp,kayla.sharp@gammaind.com,Elizabeth Moyer,elizabeth.moyer@gammaind.com,DeltaSupplies,When Information,44,218.6,9618.4
PO47446,2025-04-19,Shannon Smith,shannon.smith@alphatech.com,Nicholas Cannon,nicholas.cannon@deltasup.com,AlphaTech,Knowledge Hold,3,298.55,895.65
PO73741,2025-07-25,Chloe Anderson,chloe.anderson@epsilongoods.com,Leslie James,leslie.james@gammaind.com,GammaIndustries,Dinner Cup,71,375.76,26678.96
PO63219,2024-09-21,Helen Perez,helen.perez@deltasup.com,Katherine Lee,katherine.lee@alphatech.com,DeltaSupplies,Brother Six,81,137.78,11160.18
PO10076,2025-02-21,Brandon Smith,brandon.smith@alphatech.com,Terry Peterson,terry.peterson@epsilongoods.com,DeltaSupplies,Mrs Personal,98,144.04,14115.92
PO60279,2025-05-23,Laura Tanner,laura.tanner@betacorp.com,Katherine Lee,katherine.lee@alphatech.com,GammaIndustries,However Later,41,24.12,988.92
PO86463,2024-12-09,Laura Tanner,laura.tanner@betacorp.com,Katherine Lee,katherine.lee@alphatech.com,DeltaSupplies,Person Career,61,76.76,4682.36
PO39661,2024-10-17,Renee Nichols,renee.nichols@alphatech.com,Leslie James,leslie.james@gammaind.com,AlphaTech,So A,89,162.33,14447.37
PO63404,2025-06-14,Laura Tanner,laura.tanner@betacorp.com,Nicholas Cannon,nicholas.cannon@deltasup.com,AlphaTech,Support As,76,87.32,6636.32
PO49476,2024-08-05,Shannon Smith,shannon.smith@alphatech.com,Charles Palmer,charles.palmer@deltasup.com,AlphaTech,Work Among,59,300.53,17731.27
PO41937,2025-06-27,Shannon Smith,shannon.smith@alphatech.com,Leslie James,leslie.james@gammaind.com,EpsilonGoods,Moment Test,14,295.49,4136.86
PO25348,2024-10-03,Brandon Smith,brandon.smith@alphatech.com,Leslie James,leslie.james@gammaind.com,GammaIndustries,Result Spend,66,485.95,32072.7
PO01696,2024-12-12,Chloe Anderson,chloe.anderson@epsilongoods.com,Terry Peterson,terry.peterson@epsilongoods.com,AlphaTech,Recognize Too,42,51.45,2160.9
PO74305,2024-09-16,Andre Warren,andre.warren@alphatech.com,Charles Palmer,charles.palmer@deltasup.com,BetaCorp,Experience Too,36,122.81,4421.16
PO50937,2025-03-28,Laura Tanner,laura.tanner@betacorp.com,Charles Palmer,charles.palmer@deltasup.com,AlphaTech,Expert Choice,38,11.06,420.28
PO69945,2025-03-25,Brian Edwards,brian.edwards@alphatech.com,Terry Peterson,terry.peterson@epsilongoods.com,DeltaSupplies,Effect Movie,90,237.56,21380.4
PO83606,2025-04-08,Matthew Cunningham,matthew.cunningham@alphatech.com,Nicholas Cannon,nicholas.cannon@deltasup.com,DeltaSupplies,But Fear,85,380.76,32364.6
PO62607,2025-05-25,Shannon Smith,shannon.smith@alphatech.com,Nicholas Cannon,nicholas.cannon@deltasup.com,BetaCorp,Develop Describe,78,162.2,12651.6
PO22395,2024-11-30,Shannon Smith,shannon.smith@alphatech.com,Charles Palmer,charles.palmer@deltasup.com,AlphaTech,Night Writer,14,111.34,1558.76
PO20721,2024-09-16,Brian Edwards,brian.edwards@alphatech.com,Katherine Lee,katherine.lee@alphatech.com,AlphaTech,Little Alone,55,364.65,20055.75
PO25463,2025-01-28,Brian Edwards,brian.edwards@alphatech.com,Nicholas Cannon,nicholas.cannon@deltasup.com,BetaCorp,Reality Prevent,76,391.14,29726.64
PO15437,2024-10-04,Chloe Anderson,chloe.anderson@epsilongoods.com,Katherine Lee,katherine.lee@alphatech.com,EpsilonGoods,Life At,52,170.62,8872.24
PO66070,2024-09-25,Helen Perez,helen.perez@deltasup.com,Katherine Lee,katherine.lee@alphatech.com,BetaCorp,House Message,71,422.49,29996.79
PO34787,2025-02-13,Brian Edwards,brian.edwards@alphatech.com,Charles Palmer,charles.palmer@deltasup.com,EpsilonGoods,Majority Quite,92,163.29,15022.68
PO24852,2025-05-05,Pamela Salazar,pamela.salazar@betacorp.com,Elizabeth Moyer,elizabeth.moyer@gammaind.com,GammaIndustries,Heart Make,80,108.75,8700.0
PO41425,2025-01-06,Kenneth Atkins,kenneth.atkins@betacorp.com,Charles Palmer,charles.palmer@deltasup.com,DeltaSupplies,Rise Budget,48,47.44,2277.12
PO54672,2025-01-05,Vicki Moon,vicki.moon@betacorp.com,Terry Peterson,terry.peterson@epsilongoods.com,DeltaSupplies,Doctor Expert,28,292.28,8183.84
PO38680,2025-07-03,Chloe Anderson,chloe.anderson@epsilongoods.com,Elizabeth Moyer,elizabeth.moyer@gammaind.com,BetaCorp,Fast Prove,93,428.32,39833.76
PO57084,2025-07-17,Kenneth Atkins,kenneth.atkins@betacorp.com,Nicholas Cannon,nicholas.cannon@deltasup.com,DeltaSupplies,Key Popular,21,93.51,1963.71
PO61272,2025-05-15,Laura Tanner,laura.tanner@betacorp.com,Leslie James,leslie.james@gammaind.com,EpsilonGoods,Economic Soldier,13,55.03,715.39
PO14791,2025-03-15,Chloe Anderson,chloe.anderson@epsilongoods.com,Katherine Lee,katherine.lee@alphatech.com,BetaCorp,Great Professor,36,357.03,12853.08
PO17090,2024-12-14,Chloe Anderson,chloe.anderson@epsilongoods.com,Nicholas Cannon,nicholas.cannon@deltasup.com,GammaIndustries,Cold Son,32,22.52,720.64
PO43589,2024-10-31,Kenneth Atkins,kenneth.atkins@betacorp.com,Leslie James,leslie.james@gammaind.com,EpsilonGoods,Safe Represent,20,100.57,2011.4
PO23151,2025-07-26,Andre Warren,andre.warren@alphatech.com,Terry Peterson,terry.peterson@epsilongoods.com,EpsilonGoods,Score Organization,5,164.02,820.1
PO18624,2024-09-02,Matthew Cunningham,matthew.cunningham@alphatech.com,Katherine Lee,katherine.lee@alphatech.com,GammaIndustries,Money Sense,76,405.49,30817.24
PO44974,2024-10-14,Kenneth Atkins,kenneth.atkins@betacorp.com,Katherine Lee,katherine.lee@alphatech.com,DeltaSupplies,Drop Best,43,436.99,18790.57
PO21340,2025-02-25,Pamela Salazar,pamela.salazar@betacorp.com,Katherine Lee,katherine.lee@alphatech.com,BetaCorp,Several Likely,31,68.74,2130.94
PO95588,2025-02-02,Laura Tanner,laura.tanner@betacorp.com,Katherine Lee,katherine.lee@alphatech.com,AlphaTech,Report Him,28,83.79,2346.12
PO86509,2025-04-28,Helen Perez,helen.perez@deltasup.com,Terry Peterson,terry.peterson@epsilongoods.com,GammaIndustries,Threat Focus,15,322.29,4834.35
PO94976,2025-02-16,Pamela Salazar,pamela.salazar@betacorp.com,Elizabeth Moyer,elizabeth.moyer@gammaind.com,AlphaTech,Son Little,74,386.17,28576.58
PO07292,2025-03-12,Brian Edwards,brian.edwards@alphatech.com,Terry Peterson,terry.peterson@epsilongoods.com,BetaCorp,Pressure Face,81,47.73,3866.13
PO27504,2025-05-31,Shannon Smith,shannon.smith@alphatech.com,Terry Peterson,terry.peterson@epsilongoods.com,BetaCorp,Help Attorney,94,351.8,33069.2
PO94651,2024-09-04,Brandon Smith,brandon.smith@alphatech.com,Nicholas Cannon,nicholas.cannon@deltasup.com,EpsilonGoods,Prevent Development,64,95.41,6106.24
PO63313,2024-10-25,Laura Tanner,laura.tanner@betacorp.com,Charles Palmer,charles.palmer@deltasup.com,GammaIndustries,Often Culture,71,88.8,6304.8
PO09055,2024-11-26,Pamela Salazar,pamela.salazar@betacorp.com,Leslie James,leslie.james@gammaind.com,EpsilonGoods,Street Trip,100,175.19,17519.0
PO37128,2024-09-21,Brian Edwards,brian.edwards@alphatech.com,Nicholas Cannon,nicholas.cannon@deltasup.com,AlphaTech,Everything Form,27,415.76,11225.52
PO59613,2025-02-04,Shannon Smith,shannon.smith@alphatech.com,Terry Peterson,terry.peterson@epsilongoods.com,EpsilonGoods,Despite Perhaps,68,109.15,7422.2
PO95458,2024-12-09,Vicki Moon,vicki.moon@betacorp.com,Elizabeth Moyer,elizabeth.moyer@gammaind.com,GammaIndustries,National Difference,49,367.85,18024.65
PO44884,2025-07-13,Kayla Sharp,kayla.sharp@gammaind.com,Katherine Lee,katherine.lee@alphatech.com,EpsilonGoods,Behavior Field,95,115.36,10959.2
PO76889,2025-05-06,Helen Perez,helen.perez@deltasup.com,Terry Peterson,terry.peterson@epsilongoods.com,BetaCorp,Thought Upon,69,306.88,21174.72
PO05075,2024-09-13,Matthew Cunningham,matthew.cunningham@alphatech.com,Elizabeth Moyer,elizabeth.moyer@gammaind.com,EpsilonGoods,Network Involve,66,291.7,19252.2
PO70470,2025-01-11,Matthew Cunningham,matthew.cunningham@alphatech.com,Leslie James,leslie.james@gammaind.com,BetaCorp,Boy Support,18,456.86,8223.48
PO18147,2024-12-28,Brian Edwards,brian.edwards@alphatech.com,Katherine Lee,katherine.lee@alphatech.com,BetaCorp,Mouth Though,41,16.66,683.06
PO87799,2025-05-14,Chloe Anderson,chloe.anderson@epsilongoods.com,Elizabeth Moyer,elizabeth.moyer@gammaind.com,GammaIndustries,Early Support,15,132.29,1984.35
PO97932,2024-12-30,Pamela Salazar,pamela.salazar@betacorp.com,Katherine Lee,katherine.lee@alphatech.com,EpsilonGoods,Their Animal,49,114.01,5586.49
PO25374,2025-04-23,Chloe Anderson,chloe.anderson@epsilongoods.com,Elizabeth Moyer,elizabeth.moyer@gammaind.com,GammaIndustries,Particularly Bring,40,269.91,10796.4
PO22904,2025-04-26,Vicki Moon,vicki.moon@betacorp.com,Nicholas Cannon,nicholas.cannon@deltasup.com,BetaCorp,Vote Generation,23,324.42,7461.66
PO28179,2024-08-15,Shannon Smith,shannon.smith@alphatech.com,Katherine Lee,katherine.lee@alphatech.com,GammaIndustries,Hit Happen,83,411.46,34151.18
PO98108,2025-01-03,Brandon Smith,brandon.smith@alphatech.com,Katherine Lee,katherine.lee@alphatech.com,DeltaSupplies,On Best,57,494.91,28209.87
PO63414,2025-02-16,Vicki Moon,vicki.moon@betacorp.com,Katherine Lee,katherine.lee@alphatech.com,DeltaSupplies,Thing Majority,61,56.54,3448.94
PO18171,2025-05-09,Laura Tanner,laura.tanner@betacorp.com,Leslie James,leslie.james@gammaind.com,AlphaTech,Bring What,19,406.75,7728.25
PO81579,2025-07-08,Brandon Smith,brandon.smith@alphatech.com,Elizabeth Moyer,elizabeth.moyer@gammaind.com,BetaCorp,Forward Feeling,67,223.17,14952.39
PO78437,2025-04-28,Andre Warren,andre.warren@alphatech.com,Charles Palmer,charles.palmer@deltasup.com,AlphaTech,Between Nearly,78,174.51,13611.78
PO59105,2025-03-01,Kayla Sharp,kayla.sharp@gammaind.com,Nicholas Cannon,nicholas.cannon@deltasup.com,EpsilonGoods,Paper Have,31,254.36,7885.16
PO38216,2025-06-26,Matthew Cunningham,matthew.cunningham@alphatech.com,Terry Peterson,terry.peterson@epsilongoods.com,BetaCorp,Official Discussion,16,427.64,6842.24
PO62432,2025-05-09,Laura Tanner,laura.tanner@betacorp.com,Elizabeth Moyer,elizabeth.moyer@gammaind.com,BetaCorp,Your Leave,100,250.49,25049.0
PO59865,2024-09-25,Laura Tanner,laura.tanner@betacorp.com,Leslie James,leslie.james@gammaind.com,DeltaSupplies,Edge Friend,100,160.99,16099.0
PO96118,2025-07-19,Laura Tanner,laura.tanner@betacorp.com,Elizabeth Moyer,elizabeth.moyer@gammaind.com,GammaIndustries,Son Management,59,36.0,2124.0
PO28077,2024-10-10,Pamela Salazar,pamela.salazar@betacorp.com,Nicholas Cannon,nicholas.cannon@deltasup.com,DeltaSupplies,Popular Show,49,236.98,11612.02
PO34156,2025-05-05,Kenneth Atkins,kenneth.atkins@betacorp.com,Charles Palmer,charles.palmer@deltasup.com,GammaIndustries,Range My,36,363.49,13085.64
PO21383,2024-12-02,Pamela Salazar,pamela.salazar@betacorp.com,Leslie James,leslie.james@gammaind.com,DeltaSupplies,Once Guess,90,91.11,8199.9
PO43873,2025-06-16,Kenneth Atkins,kenneth.atkins@betacorp.com,Terry Peterson,terry.peterson@epsilongoods.com,EpsilonGoods,Scientist Accept,92,83.62,7693.04
PO58701,2025-04-04,Chloe Anderson,chloe.anderson@epsilongoods.com,Leslie James,leslie.james@gammaind.com,EpsilonGoods,Must Central,1,25.14,25.14
PO00532,2024-08-20,Kenneth Atkins,kenneth.atkins@betacorp.com,Leslie James,leslie.james@gammaind.com,AlphaTech,Condition Around,98,141.13,13830.74
PO69471,2025-01-10,Chloe Anderson,chloe.anderson@epsilongoods.com,Charles Palmer,charles.palmer@deltasup.com,GammaIndustries,Another Those,44,278.5,12254.0
PO62198,2025-05-09,Renee Nichols,renee.nichols@alphatech.com,Nicholas Cannon,nicholas.cannon@deltasup.com,BetaCorp,Hotel Picture,76,252.12,19161.12
PO30611,2024-11-25,Pamela Salazar,pamela.salazar@betacorp.com,Leslie James,leslie.james@gammaind.com,EpsilonGoods,Especially Special,37,466.07,17244.59
PO02220,2025-03-20,Renee Nichols,renee.nichols@alphatech.com,Nicholas Cannon,nicholas.cannon@deltasup.com,AlphaTech,Less Create,95,423.79,40260.05
PO31591,2025-01-14,Brian Edwards,brian.edwards@alphatech.com,Charles Palmer,charles.palmer@deltasup.com,BetaCorp,Reveal Movement,29,487.83,14147.07
PO19793,2024-08-22,Chloe Anderson,chloe.anderson@epsilongoods.com,Katherine Lee,katherine.lee@alphatech.com,BetaCorp,Probably Clearly,24,204.47,4907.28
PO60975,2024-10-28,Brian Edwards,brian.edwards@alphatech.com,Katherine Lee,katherine.lee@alphatech.com,GammaIndustries,Choose Trip,8,440.12,3520.96
PO37778,2025-02-16,Kenneth Atkins,kenneth.atkins@betacorp.com,Terry Peterson,terry.peterson@epsilongoods.com,GammaIndustries,Arm Painting,74,206.18,15257.32
PO20634,2024-12-05,Kenneth Atkins,kenneth.atkins@betacorp.com,Nicholas Cannon,nicholas.cannon@deltasup.com,GammaIndustries,Like Theory,65,308.54,20055.1
PO89079,2024-11-23,Brandon Smith,brandon.smith@alphatech.com,Terry Peterson,terry.peterson@epsilongoods.com,DeltaSupplies,Important Resource,58,119.11,6908.38
PO42339,2025-06-17,Vicki Moon,vicki.moon@betacorp.com,Charles Palmer,charles.palmer@deltasup.com,GammaIndustries,Recognize Star,41,160.38,6575.58
PO62150,2025-03-18,Renee Nichols,renee.nichols@alphatech.com,Charles Palmer,charles.palmer@deltasup.com,AlphaTech,Education Effect,86,138.97,11951.42
PO76205,2024-10-10,Laura Tanner,laura.tanner@betacorp.com,Elizabeth Moyer,elizabeth.moyer@gammaind.com,GammaIndustries,Identify Thank,65,392.04,25482.6
PO72173,2025-07-08,Laura Tanner,laura.tanner@betacorp.com,Terry Peterson,terry.peterson@epsilongoods.com,DeltaSupplies,Job Seat,20,308.02,6160.4
PO69444,2025-05-02,Shannon Smith,shannon.smith@alphatech.com,Terry Peterson,terry.peterson@epsilongoods.com,AlphaTech,Cup Despite,67,453.36,30375.12
PO16997,2024-12-13,Shannon Smith,shannon.smith@alphatech.com,Nicholas Cannon,nicholas.cannon@deltasup.com,DeltaSupplies,Store Stay,34,195.01,6630.34
PO22019,2024-11-26,Laura Tanner,laura.tanner@betacorp.com,Charles Palmer,charles.palmer@deltasup.com,DeltaSupplies,Course Save,74,29.17,2158.58
PO58247,2025-01-16,Helen Perez,helen.perez@deltasup.com,Katherine Lee,katherine.lee@alphatech.com,AlphaTech,Thousand Operation,3,357.1,1071.3
PO43150,2024-08-11,Chloe Anderson,chloe.anderson@epsilongoods.com,Terry Peterson,terry.peterson@epsilongoods.com,EpsilonGoods,Learn Such,6,355.13,2130.78
PO01332,2024-09-06,Chloe Anderson,chloe.anderson@epsilongoods.com,Leslie James,leslie.james@gammaind.com,DeltaSupplies,Past Month,13,287.86,3742.18
PO48281,2025-06-04,Matthew Cunningham,matthew.cunningham@alphatech.com,Katherine Lee,katherine.lee@alphatech.com,AlphaTech,Million Detail,54,53.48,2887.92
PO42286,2024-10-01,Matthew Cunningham,matthew.cunningham@alphatech.com,Nicholas Cannon,nicholas.cannon@deltasup.com,EpsilonGoods,But Fear,22,132.61,2917.42
PO98275,2025-04-25,Shannon Smith,shannon.smith@alphatech.com,Charles Palmer,charles.palmer@deltasup.com,AlphaTech,Too Letter,1,207.12,207.12
PO62930,2025-06-17,Brian Edwards,brian.edwards@alphatech.com,Leslie James,leslie.james@gammaind.com,AlphaTech,Few Nothing,64,122.83,7861.12
PO70825,2025-06-16,Kenneth Atkins,kenneth.atkins@betacorp.com,Nicholas Cannon,nicholas.cannon@deltasup.com,AlphaTech,Close Blood,91,95.1,8654.1
PO67070,2025-04-09,Brian Edwards,brian.edwards@alphatech.com,Elizabeth Moyer,elizabeth.moyer@gammaind.com,EpsilonGoods,Tough Assume,73,409.48,29892.04
PO88944,2025-04-01,Renee Nichols,renee.nichols@alphatech.com,Elizabeth Moyer,elizabeth.moyer@gammaind.com,GammaIndustries,Apply National,86,494.97,42567.42
PO82616,2024-08-07,Laura Tanner,laura.tanner@betacorp.com,Elizabeth Moyer,elizabeth.moyer@gammaind.com,EpsilonGoods,Improve Woman,76,174.79,13284.04
PO89618,2024-12-21,Pamela Salazar,pamela.salazar@betacorp.com,Terry Peterson,terry.peterson@epsilongoods.com,EpsilonGoods,Let Painting,58,180.52,10470.16
PO14306,2025-06-15,Brian Edwards,brian.edwards@alphatech.com,Charles Palmer,charles.palmer@deltasup.com,AlphaTech,Impact Everything,77,65.95,5078.15
PO15837,2025-07-17,Pamela Salazar,pamela.salazar@betacorp.com,Elizabeth Moyer,elizabeth.moyer@gammaind.com,AlphaTech,Decision Without,65,173.87,11301.55
PO73151,2025-03-30,Matthew Cunningham,matthew.cunningham@alphatech.com,Terry Peterson,terry.peterson@epsilongoods.com,EpsilonGoods,Even Space,30,188.59,5657.7
PO87924,2024-08-31,Laura Tanner,laura.tanner@betacorp.com,Charles Palmer,charles.palmer@deltasup.com,BetaCorp,Allow Big,58,19.01,1102.58
PO83635,2025-04-26,Laura Tanner,laura.tanner@betacorp.com,Nicholas Cannon,nicholas.cannon@deltasup.com,GammaIndustries,Artist Company,95,188.53,17910.35
PO38666,2025-03-27,Chloe Anderson,chloe.anderson@epsilongoods.com,Charles Palmer,charles.palmer@deltasup.com,AlphaTech,East Pick,15,455.24,6828.6
PO61773,2025-07-03,Andre Warren,andre.warren@alphatech.com,Nicholas Cannon,nicholas.cannon@deltasup.com,DeltaSupplies,Team Film,26,429.51,11167.26
PO81584,2025-04-14,Kenneth Atkins,kenneth.atkins@betacorp.com,Nicholas Cannon,nicholas.cannon@deltasup.com,DeltaSupplies,Maintain Wish,59,45.64,2692.76
PO03823,2024-11-23,Kenneth Atkins,kenneth.atkins@betacorp.com,Terry Peterson,terry.peterson@epsilongoods.com,GammaIndustries,Fine State,55,191.11,10511.05
PO45351,2025-05-17,Helen Perez,helen.perez@deltasup.com,Elizabeth Moyer,elizabeth.moyer@gammaind.com,GammaIndustries,Others Into,91,154.98,14103.18
PO28994,2024-12-02,Brandon Smith,brandon.smith@alphatech.com,Charles Palmer,charles.palmer@deltasup.com,AlphaTech,Member Mouth,12,275.08,3300.96
PO07751,2024-11-15,Brian Edwards,brian.edwards@alphatech.com,Elizabeth Moyer,elizabeth.moyer@gammaind.com,BetaCorp,Up Add,95,370.41,35188.95
PO28629,2025-03-30,Kayla Sharp,kayla.sharp@gammaind.com,Elizabeth Moyer,elizabeth.moyer@gammaind.com,DeltaSupplies,Look Participant,89,42.97,3824.33
